ID;Logo;Name;Addresses;Products;Enabled
915;;"CROUSE HINDS ECM";--;1;1
914;;"AMETEK Land痴 instruments";--;1;1
913;;Dr臠er;--;12;1
912;;"ESMIL WATER
 SYSTEMS";--;1;1
911;;Mcmaster;--;1;1
910;;"SCHNEIDER ELECTRIC SA";--;1;1
909;;"FERRAZ SHAWMUT";--;1;1
908;;6A672;--;0;1
907;;CHICOA4;--;0;1
906;;"Thermo
Sceintific";--;1;1
905;;INVENSYS;--;1;1
904;;"Notifier, By Honeywell";--;1;1
903;;"DRAEGER SAFETY INC";--;1;1
902;;"DELTA CONTROLS LTD GB";--;1;1
901;;"SPX PROCESS EQUIPMENT";--;1;1
900;;"Interactive Safety Products, Inc";--;1;1
899;;"GENERAL ELECTRIC";--;1;1
898;;"AMETEK Land�s instruments";--;0;1
897;;FF-44200-05;--;0;1
896;;Dr�ger;--;0;1
895;;"TP Solutions (Thermal Packaging Solutions)";--;1;1
894;;TPS2024B;--;0;1
893;;Mountz;--;1;1
892;;"C.I ANALYTICS";--;1;1
891;;PS62.DXEAL2HDMAX;--;0;1
890;;AV-950R-20;--;0;1
889;;AV-950T-20;--;0;1
888;;ASCO;--;2;1
887;;11A5326X132;--;0;1
886;;GE23311X0A2;--;0;1
885;;2;--;0;1
884;;"Thyro-PX 2PX 500- 495 HF";--;0;1
883;;TYCO;--;2;1
882;;"ECKARDT INVENSYS (SCHNEIDER ELECTRIC)";--;1;1
881;;"W�rtsil� Water Systems Ltd";--;0;1
880;;2K378314042;--;0;1
879;;"SCHNEIDER ELECTRIC";--;22;1
878;;"GTC ITALIA SRL/
KTM VALVES";--;1;1
877;;"TYCO VALVES AND CONTROLS
AB DISTRIBUTION";--;1;1
876;;"CROUSE HINDS ECM US
COOPER INDUSTRIES INCORPORATED";--;1;1
875;;"CORTEM SPA";--;1;1
874;;"SANDVIK SECO";--;4;1
873;;"Emerson Fisher (BAUMANN-FISHER CONTROLS INT'L)";--;1;1
872;;Sioux;--;9;1
871;;"APPARATEBAU SCHWEISSTECHNIK GMBH";--;1;1
870;;"Plasser UK Limited";--;2;1
869;;IV5060;--;0;1
868;;Mampaey;--;1;1
867;;"Azcue Pump";--;3;1
866;;"VULCANIC UK";--;1;1
865;;Alfa;--;1;1
864;;Alco;--;4;1
863;;SAFT;--;1;1
862;;95;--;0;1
861;;"420 744 501 2 23";--;0;1
860;;New;--;0;1
859;;"D663Z327K P03JOMD6VSB0";--;0;1
858;;"NU-1032 P&ID";--;0;1
857;;LC1D09BD;--;0;1
856;;141-206;--;0;1
855;;740057631;--;0;1
854;;12244;--;0;1
853;;12242;--;0;1
852;;1000019971;--;0;1
851;;12241;--;0;1
850;;0;--;0;1
849;;H0012-5;--;0;1
848;;"PHOTRON LAMPS / DELTA SCIENTIFIC";--;1;1
847;;roxon;--;1;1
846;;"Alco  XB";--;1;1
845;;AMETEK;--;2;1
844;;"Funke Wärmeaustauscher GmbH";--;1;1
843;;"Productos Plasticos Anticorrosivos";--;3;1
842;;"MAB SA";--;2;1
841;;"MAB MASCHINEN APPARATE BAU SA.";--;2;1
840;;EMERSON;--;3;1
839;;Keysight;--;3;1
838;;FIAMMS;--;1;1
837;;"MERCK MILLIPORE";--;1;1
836;;"GUTOR ELECTRONICS LCC";--;1;1
835;;"Simco Engineers";--;3;1
834;;"SAAB ROSEMOUNT TANK CONTROL";--;1;1
833;;SIGMA-ALDRICH.;--;1;1
832;;merck;--;1;1
831;;"FIAMM SPA, ITALY";--;1;1
830;;REXROTH;--;1;1
829;;FIAMM;--;3;1
828;;"M. COULTHARD & CO., LTD.";--;1;1
827;;"SAAB ROSEMOUNT TANK GAUGING LTD";--;10;1
826;;"AA TECHNISCHE DIENSTE
AB SICHERHEIT UND";--;1;1
825;;SEW;--;2;1
824;;EMERSON-ROSEMOUNT;--;1;1
823;;"EMERSON ROSEMOUNT";--;1;1
822;;"ARBURG GMBH & CO";--;1;1
821;;"Shrack (Autolift)";--;7;1
820;;"VIKOMA INTERNATIONAL LTD GB";--;1;1
819;;GEA;--;1;1
818;;"SCHRACK AUSTRIA GMBH";--;1;1
817;;"FG WILSON EQUIPMENT";--;1;1
816;;"PARAGON SCIENTIFIC LTD
DATASHEET ATTACHED";--;1;1
815;;"MOTOR, 5HP, HIGH PRESSURE STREAM WASHER";--;1;1
814;;"PUMP, PLUNGER, HIGH PRESSURE STREAM WASHER";--;1;1
813;;PHILIPS;--;2;1
812;;PAC;--;1;1
811;;"Mitutoyo - Japan Surftest_SJ210";--;1;1
810;;"Unipart rail";--;1;1
809;;"Metrohm iConnect";--;1;1
808;;"APT SECURITY SYSTEM";--;2;1
807;;Rosemount;--;4;1
806;;SANDVIK;--;2;1
805;;"AJ KOELLEMANN";--;5;1
804;;"KINETROL LTD.";--;1;1
803;;"GEA Mechanical Equipment UK Ltd";--;1;1
802;;"GEA WESTFALIA";--;2;1
801;;"PREMABERGO ITALIANA SR";--;1;1
800;;"KABA GALLENSCHUTZ GMBH";--;2;1
799;;"SCHMALZ GMBH";--;1;1
798;;"SIEMENS AG";--;1;1
797;;"INDUSTRIAL CLUTCH PARTS /
WESTCAR";--;1;1
796;;"Schrack Technik";--;2;1
795;;"BIS PROZESSTECHNIK";--;7;1
794;;COPERION;--;1;1
793;;"READY OILFIELD SAFETY & SERVICES
PTE LTD";--;1;1
792;;GATES;--;2;1
791;;Balluff;--;1;1
790;;CONDOR;--;1;1
789;;"RELIABLE AUTOMATIC SPRINKLER CO. INC";--;1;1
788;;"G.M.P SPA";--;1;1
787;;ROBUSCHI;--;2;1
786;;"Z ELECTROMECANICAS ARA SAZ";--;3;1
785;;Honeywell;--;5;1
784;;"ICE- INTERNATIONAL COMBUSTION EQUIPMENT";--;7;1
783;;"PRODUCTOS PLASTICOS";--;1;1
782;;"JANSENS & DIEPERINK";--;1;1
781;;"EATON - CUTLER HAMMER";--;1;1
780;;"DE IULIIS MACCHINE SPA";--;1;1
779;;Hach;--;9;1
778;;"BARKSDALE CONTROL PRODUCTS";--;1;1
777;;ATEC;--;1;1
776;;"CRYOSTAR SAS";--;13;1
775;;MHCVBN2;--;0;1
774;;"Fashion Manufacturer";--;0;1
773;;Werma;--;1;1
772;;KENNAMETAL;--;1;1
771;;"McWane International";--;0;1
770;;"RAPIDROP GLOBAL LTD";--;1;1
769;;"FILTRATION GROUP (FORMERLY MAHLE)";--;1;1
768;;HBE;--;1;1
767;;MEANWELL;--;1;1
766;;"MTM POWER GMBH";--;1;1
765;;"Kennedy Valve";--;24;1
764;;Pneumax;--;2;1
763;;Intza;--;1;1
762;;ROTORK/CENTORK;--;1;1
761;;"Greenbrier (GBRX)";--;1;1
760;;CREATE;--;1;1
759;;STILL;--;1;1
758;;"KABEL SCHLEPP";--;2;1
757;;HP;--;1;1
756;;Shrack;--;0;1
754;;FLEXOTECH;--;8;1
753;;"""VIKOMA INTERNATIONAL LTD GB """;--;0;1
752;;"SENINI TECNOSIDERURGICA S.R.L.";--;1;1
751;;CARRARA;--;1;1
750;;"DOUGLAS CHERO SPA";--;1;1
749;;CUMMINS;--;9;1
748;;"OMB VALVES SPA";--;1;1
747;;"MURPHY BY ENOVATION CONTROL";--;1;1
746;;"EXHEAT PTE LTD.";--;1;1
745;;"CONTROL & APPLICATIONS ASIA LTD";--;1;1
743;;"FG WILSON";--;3;1
742;;"PARAGON SCIENTIFIC LTDDATASHEET ATTACHED";--;1;1
741;;"AERZEN MASCHINENFABRIK GMBH";--;2;1
740;;"SIMCO ENGINEERS JARROW UK";--;1;1
739;;"UNITED ELECTRIC CONTROLS";--;1;1
738;;TELEMECANIQUE;--;1;1
737;;"WORKSMAN TRADING CORPORATION";--;1;1
736;;"NICOTRA Gebhardt";--;1;1
735;;"SERVO NIDEC LLC";--;1;1
734;;"FAS SPA";--;9;1
733;;Simplex;--;1;1
732;;"SAMSON CONTROLS FZE";--;3;1
731;;"EUROTECH GMBH";--;1;1
730;;"VEAB Italia";--;1;1
729;;COMEM;--;1;1
728;;"FIP Spa in Italy";--;1;1
727;;"AMERICAN FLOW CONTROL";--;2;1
726;;"AIR PRODUCTS PLC";--;3;1
725;;ABBMa;--;1;1
724;;"DAYTON PHOENIX GROUP";--;1;1
723;;"BIS PROZESSTECHNIK / BILFINGER";--;1;1
722;;Arburg;--;1;1
721;;"BESTOBELL STEAM";--;1;1
720;;CMC;--;1;1
719;;"MHT TECHNOLOGY LTD";--;1;1
718;;"Samia Italia Sr";--;1;1
717;;DETCON;--;1;1
716;;VAL-MATIC;--;1;1
715;;"ORBITEC SA";--;1;1
714;;"ALLWEILER AG";--;4;1
713;;"KRAMER ELECTRONICS, LTD.";--;1;1
712;;"ALLGAIER WERKE GMBH";--;1;1
711;;"BOSCH REXROTH";--;1;1
710;;PharmaSafe;--;1;1
709;;"CRANE ENERGY FLOW SOLUTIONS";--;1;1
708;;"""INDUSTRIAL CLUTCH PARTS / WESTCAR""";--;0;1
707;;FAAM;--;2;1
706;;"AIR CONTROL INDUSTRIES";--;1;1
705;;"LGC STANDARDS VHG LABS";--;1;1
704;;"J. SCHMALZ GMBH";--;2;1
703;;"ZAMIL AIR CONDITIONER";--;1;1
702;;"""COPERION """;--;0;1
701;;ALCAD;--;3;1
700;;ANDRITZ;--;1;1
699;;"Fosse Liquitrol, Teknomelt";--;1;1
698;;BRENNAN;--;1;1
697;;"ESME LTD";--;1;1
696;;"EMERSON - ASCO";--;1;1
695;;Euchner;--;5;1
694;;"VS Lighting Datasheet attached";--;1;1
693;;CHECKPOINT;--;1;1
692;;DIXON;--;4;1
691;;"ADLER S.P.A";--;1;1
690;;"LEUZE ELECTRONC";--;2;1
689;;NEPTRONIC;--;1;1
688;;CERATIZIT;--;1;1
687;;Mitutoyo;--;4;1
686;;"FLUID SYSTEM S.L.";--;3;1
685;;SPEEDAIRE;--;1;1
684;;EQUIREPSA;--;1;1
683;;"RELIABLE AUTOMATIC SPRINKLER CO. INC.";--;5;1
682;;"HASCON ENGG SPA";--;1;1
681;;LOMBARBDINI;--;2;1
680;;G.M.P.SPA;--;3;1
679;;"DRESSER-RAND COMPANY LTD";--;1;1
678;;"WATEROUS CO.";--;7;1
677;;"NUOVA ASP SRL";--;1;1
676;;"HASCON ENGINEERING SPA";--;1;1
675;;"Z ELECTROMECANICAS ARA SA";--;5;1
674;;"ICE- INTERNATIONAL COMBUSTION";--;1;1
673;;"COOLER SERVICE CO INC";--;1;1
672;;"RELIABLE USA";--;1;1
671;;Liebert;--;1;1
670;;ICM;--;1;1
669;;Flexotech;--;0;1
668;;BARKSDALE;--;1;1
667;;"FAGGIOLATI PUMPS SPA";--;1;1
666;;CRYOSTAR;--;2;1
665;;Corrpro;--;13;1
664;;Printronix;--;1;1
663;;"Maxnovo srl";--;1;1
662;;BECKHOFF;--;3;1
661;;BRINKMANN;--;1;1
660;;Frigosystem;--;8;1
659;;AS-PL;--;1;1
658;;JENNY;--;9;1
657;;SCHRACK;--;2;1
656;;NORGREN;--;2;1
655;;METROHM;--;0;1
654;;Zenex;--;2;1
653;;GRUNDFOS.;--;1;1
652;;MILT-ROY;--;4;1
651;;"Mc Miller";--;4;1
650;;"Rickmeier GmbH";--;1;1
649;;CLASSIC;--;1;1
648;;"HEAT TRANSFER SYSTEMS";--;1;1
647;;"IFM ELECTRONICS GMBHOCM";--;1;1
646;;GMBH;--;2;1
645;;"PRYSMIAN CABLES AND SYSTEMS";--;1;1
644;;"GEA WESTFALIA SEPARATOR";--;19;1
643;;"SAUDI TECHNICAL SUPPLY CO. LTD";--;1;1
642;;"NEW YORK AIR BRAKE";--;1;1
641;;APH;--;2;1
640;;PCD;--;4;1
639;;"READY OILFIELD SAFETY & SERVICES PTE LTD";--;0;1
638;;"NORGREN HERION";--;2;1
637;;Timken;--;2;1
636;;"M-D Pneumatics";--;1;1
635;;ATOS;--;1;1
634;;"ROBUSCHI SPA";--;3;1
633;;Unipart;--;1;1
632;;EMD;--;2;1
631;;INTERCAT;--;1;1
630;;"Gardner Denver Compair Reavell";--;1;1
629;;"Dayton-Phoenix Group";--;1;1
628;;ALSTOM;--;1;1
627;;Fleetguard;--;3;1
626;;DUETZ;--;2;1
625;;"CZECH REPUBLIC";--;1;1
624;;Corema;--;1;1
623;;"Photon Meissener Technologies";--;1;1
622;;ABLEREX;--;1;1
621;;ANDEROL;--;1;1
620;;"ShenZhen Andonstar Technology Co.,Ltd.";--;1;1
619;;JUMO;--;1;1
618;;"NUMTEC INTERSTAHL ANLAGENBAU GMBH";--;1;1
617;;"VELAN INC.";--;1;1
616;;"VOGELSANG INDIA PVT LTD";--;1;1
615;;"COSTACURTA SPA";--;1;1
614;;Grundfos;--;2;1
613;;Westerstrand;--;1;1
612;;"ATELIERS BUSCH S.A.";--;1;1
611;;Daikin;--;7;1
610;;Axson;--;1;1
609;;Loctite;--;2;1
608;;"SANDVIK ROXON";--;1;1
607;;Bray;--;1;1
606;;"INTERNATIONAL BALER CORPORRATION";--;1;1
605;;CRYOTHERM;--;1;1
604;;VEGAFLEX;--;4;1
603;;Frigotermica;--;1;1
602;;SECO;--;1;1
601;;"York, Johnson Control, Unit";--;1;1
600;;polytron;--;1;1
599;;FATI;--;1;1
598;;"NUOVO PIGNONE SPAOEM";--;1;1
597;;"FILVATEC ENGENIEROS S.A. SPAIN";--;3;1
596;;Vertiv;--;1;1
595;;"Osborn GMBH";--;1;1
594;;"AMCS TOTAL ANALYTIC SPECIALISTS";--;1;1
593;;"Omni flow Computers";--;1;1
592;;P&F;--;1;1
591;;"HIMA Paul Hildebrandt GmbH";--;8;1
590;;Compair;--;2;1
589;;"Gent By honeywell";--;13;1
588;;"Kitz Europe Gmbh";--;2;1
587;;"Avantor Sciences - VWR";--;1;1
586;;"Klinger UK";--;1;1
585;;"Gestra UK Ltd";--;1;1
584;;"Mechatherm International Ltd";--;11;1
583;;"FINDER POMPE Gruppo Aturia S.p.A.";--;1;1
582;;"Hanny reels";--;1;1
581;;"IFM ELECTRONICS";--;2;1
580;;"Busch (UK) Ltd";--;1;1
579;;"GE Fanuc";--;6;1
578;;CRANE;--;1;1
577;;"BUHLER TECHNOLOGIES GERMANY";--;1;1
576;;"Bosch and rexroth";--;6;1
575;;"DEMAG CRANES & COMPONENTS GMBH.";--;1;1
574;;"PECORA CORPORATION";--;1;1
573;;Humiseal;--;1;1
572;;"Aerosol Locitite";--;1;1
571;;"Dow corning";--;1;1
570;;"Kyner / Sky ler";--;1;1
569;;"Diamond Power";--;1;1
568;;Topworx;--;1;1
567;;"Balluff Ltd";--;1;1
566;;AMOT;--;2;1
565;;"VULCANIC TERMOELECTRICA";--;1;1
564;;"MAUS ITALIA";--;1;1
563;;"BARTON FIRTOP";--;1;1
562;;"Powerite Division of Kinetrol Ltd.";--;1;1
561;;hepa;--;1;1
560;;GRANDETOP;--;1;1
559;;EDWARDS;--;1;1
558;;BTT;--;1;1
557;;"Tespro Electronics Corporation";--;1;1
556;;"Dron & Dickson Ltd";--;1;1
555;;"Termochimica Impianti";--;1;1
554;;"pelletroneurope GmbH";--;5;1
553;;GilAir-Plus;--;2;1
552;;"Macher Distribution Limited";--;1;1
551;;"Alco X";--;1;1
550;;"ALCO C";--;2;1
549;;bondorite;--;1;1
548;;"Kempston Controls";--;1;1
547;;"Terry Ferraris & C";--;1;1
546;;"INTORQ GMBH & CO. KG";--;3;1
545;;IBAITOR;--;2;1
544;;MAB;--;0;1
543;;"AIR TECHNIC";--;1;1
542;;"GE PANAMETRICS";--;1;1
541;;"NIPPON ACCUMULATOR CO LTD";--;1;1
540;;RENK;--;1;1
539;;"DOMGAS INTERNATIONAL / SCORE VAC LIMITED";--;1;1
538;;"ATB RIVA CALZONI";--;1;1
537;;"WATCON B.V.";--;1;1
536;;"LLORPIC VENTILADORES SA";--;2;1
535;;"FUNKE WARMEAUSTAUSCHER APPARATEBAU";--;12;1
534;;"HONOR PUMP USA";--;1;1
533;;"NEUTRALIZER PRODUCT COALESCER";--;1;1
532;;"AMACS PROCESS TOWER INTERNALS";--;9;1
531;;"Viking Supply Net Ltd";--;1;1
530;;"SEW EURODRIVE";--;1;1
529;;DICKOW;--;1;1
528;;"THERMO ELECTRA";--;1;1
527;;FIMET;--;1;1
526;;"APB APPARATEBAU SCHWEISSTECHNIK GMBH";--;1;1
525;;NICSA;--;1;1
524;;MACCHI;--;1;1
523;;"THOMAS RESEARCH PRODUCTS";--;1;1
522;;STOLWAY;--;1;1
521;;YUASA;--;3;1
520;;"DAFRAM S.P.A.";--;1;1
519;;GO;--;2;1
518;;"PARAGON SCIENTIFIC";--;1;1
517;;Maxseal;--;2;1
516;;METRON;--;1;1
515;;"BAR GMBH";--;1;1
514;;"PURE AIR FILTRATION LLC";--;2;1
513;;DONALDSON;--;5;1
512;;"Henkel Loctite";--;1;1
511;;Rosenberger;--;1;1
510;;Telegartner;--;2;1
509;;"FANUC CORPORATION";--;2;1
508;;Vaitor;--;3;1
507;;"SPIRAX SARCO SRL";--;1;1
506;;"BIRDWELL COMPANY, THE US";--;1;1
505;;"HAMMORTHY ENGINEERING LIMITED";--;1;1
504;;"GUNNEBO WEGO GMBH";--;2;1
503;;"ALLWELLER / MYCOM";--;1;1
502;;KUETTNER;--;1;1
501;;MOOG;--;1;1
500;;"APT SECURITY SYSTEMS";--;2;1
499;;Heidenhain;--;1;1
498;;"THE JAPAN STEEL WORKS, LTD.";--;1;1
497;;"CLARK-RELIANCE CORP.";--;3;1
496;;"THOMASSEN COMPRESSION SYSTEMS";--;1;1
495;;"J.H. FENNER AND CO LTD GB";--;1;1
494;;"Delta Neu";--;4;1
493;;"PARKER HANNIFIN";--;1;1
492;;"KUHN & KAISER GMBH";--;1;1
491;;HOLDPEAK;--;1;1
490;;"SIMCO ENGINEERS LTD";--;6;1
489;;"SOLER & PALAU";--;1;1
488;;"LOCCIONI-GENERAL IMPIANTI SRL, ITALY";--;2;1
487;;"M.COULTHARD & CO LTD.";--;0;1
486;;"ICE-INTERNATIONAL COMBUSTION EQUIPMENT";--;4;1
485;;LMF;--;1;1
484;;"CAMERON WKM";--;1;1
483;;"""AA TECHNISCHE DIENSTE AB SICHERHEIT UND""";--;0;1
482;;"HOMA Pumpenfabrik GmbH";--;1;1
481;;"FOXBORO ECKARDT GMBH";--;1;1
480;;"HIDRACAR SA";--;1;1
479;;"ESI Technologies Group";--;1;1
478;;PLASSER;--;6;1
477;;"DOVIANUS BV, NETHERLANDS";--;1;1
476;;"FISHER EMERSON PROCESS MANAGEMENT";--;2;1
475;;"Vee Bee Filtration UK Ltd";--;1;1
474;;"ESMIL WATER  SYSTEMS";--;0;1
473;;OMEGA;--;1;1
472;;"ECOMACCHINE SPA";--;2;1
471;;"Fischer Scientific";--;1;1
470;;Across;--;2;1
469;;"Merck Millipore KGaA";--;1;1
468;;Panreac;--;10;1
467;;MOELLER;--;2;1
466;;"Solinas Benelux BV";--;1;1
465;;"BW gas detectors";--;1;1
464;;Elementor;--;2;1
463;;Tanaka;--;2;1
462;;"ALVARADO MANUFACTURING COMPANY, INC.";--;4;1
461;;"PREMABERGO ITALIANA SRL";--;1;1
460;;"BOURDON HAENNI";--;1;1
459;;MSC;--;1;1
458;;"STAHL SCHWEIZ AG";--;1;1
457;;"VAN GEEL LEGRAND";--;1;1
456;;"PHILIPS LIGHTING BV";--;1;1
455;;"TRANSLAMP LTD";--;1;1
454;;"ABB BV BU INSTRUMENTATION";--;2;1
453;;"ABB TANDD SPA";--;1;1
452;;"GUTOR ELECTRONIC LLC";--;7;1
451;;"INGERSOLL DRESSER SALES CO";--;2;1
450;;"ROLLS-ROYCE POWER ENGINEERING PLC";--;5;1
449;;Flexbar;--;2;1
448;;Toyoseiki;--;1;1
447;;Matsunami;--;0;1
446;;Panalytical;--;2;1
445;;Titanium;--;6;1
444;;"PAUL POLLRICH GMBH AND COMP.";--;1;1
443;;"HARRIS CALORIFIC SRL IT";--;2;1
442;;SIGMA;--;2;1
441;;ASONE;--;35;1
440;;"JOHNSON MATTHEY CATALYSTS";--;3;1
439;;"EASY LASER";--;1;1
438;;ARMSTRONG;--;1;1
437;;"GEA LUFTKUHLER GMBH";--;2;1
436;;Teledyne,;--;1;1
435;;"Cannon Instruments";--;2;1
434;;"North Sea Ventilation Co .";--;5;1
433;;"Shaw Meter";--;1;1
432;;"TRANTER INTERNATIONAL AB";--;1;1
431;;"KLINGER SPA";--;5;1
430;;BESA;--;1;1
429;;SEDINTA;--;1;1
428;;"APIERRE SRL IT";--;1;1
427;;"FACET ITALIANA SPA IT";--;1;1
426;;DETTIN;--;1;1
425;;"Fixturlaser UK Ltd";--;1;1
424;;Azcue;--;1;1
423;;"Ingressoll Rand";--;1;1
422;;"GMP S.p.A.";--;1;1
421;;"NSK Bearings";--;1;1
420;;Woodward;--;1;1
419;;McMaster-Carr;--;13;1
418;;HAZMAT;--;3;1
417;;Chalmit;--;2;1
416;;"Kyoto Electronics";--;1;1
415;;"Regal Beloit/Marathon Electric";--;1;1
414;;"PAC/AC ANALYTICAL CONTROLS";--;1;1
413;;"PALMERWAHL, USA";--;1;1
412;;"Muromoto Tekko co., Ltd";--;2;1
411;;"Kurita Europe GmbH";--;1;1
410;;"GE INDUSTRIAL SYSTEMS";--;1;1
409;;"Thermo Fisher Scientific";--;2;1
408;;TOA-DKK;--;1;1
407;;"MONITOR TECHNOLOGIES";--;1;1
406;;"AMETEK Land’s instruments";--;0;1
405;;TDK-Lambda;--;1;1
404;;KILLARK;--;1;1
403;;Taylor;--;2;1
402;;"Thermo Scientific";--;1;1
401;;Agilent;--;42;1
400;;"Brenntag UK";--;2;1
399;;Ventilux;--;3;1
398;;DIONEX;--;0;1
397;;"Vaccu brand";--;2;1
396;;"LEWA Gmbh";--;2;1
395;;"Jensen Tools";--;1;1
394;;"STANLEY TOOLS";--;3;1
393;;CONTINENTAL;--;9;1
392;;"Intergen SRL";--;1;1
391;;"PKP PROZESSMESSTECHNIK GMBH";--;2;1
390;;"WARREN RUPP COMPANY";--;15;1
389;;"TP Solutions";--;0;1
388;;"Interactive Safety Products, Inc.";--;1;1
387;;"Blagdon Pump";--;1;1
386;;X-Acto;--;1;1
385;;"SOMERSET SOLDERS LTD";--;2;1
384;;STERITOOL;--;1;1
383;;Glenair;--;1;1
382;;Stahlwille;--;1;1
381;;"Aim Tti";--;1;1
380;;BALDOR;--;1;1
379;;AVX;--;1;1
378;;"Erem by Weller";--;1;1
377;;Broppe;--;1;1
376;;Devcon;--;1;1
375;;TEKTRONIX;--;4;1
374;;SDMO;--;1;1
373;;Promax;--;1;1
372;;"HONEYWELL NORTH";--;1;1
371;;Norbar;--;2;1
370;;Makita;--;1;1
369;;COBRA;--;1;1
368;;Antistat;--;1;1
367;;Wiha;--;1;1
366;;Stanley-Proto;--;1;1
365;;Allparts;--;1;1
364;;Bondhus;--;1;1
363;;"Rock River";--;1;1
362;;TEKTON;--;1;1
361;;Werkzeug;--;1;1
360;;Myrra;--;2;1
359;;Wera;--;2;1
358;;Dormer;--;1;1
356;;DMC;--;1;1
355;;"Pritchard Photo Research";--;1;1
354;;Xcelite;--;1;1
353;;MURR;--;1;1
352;;MITSUBISHI;--;3;1
351;;ANSELL;--;3;1
350;;"HENKE SASS WOLF";--;1;1
349;;"B BRAUN MELSUNGEN AG";--;1;1
348;;FULHAM;--;1;1
347;;"SPIRAX SARCO";--;7;1
346;;"VESDA VLF";--;1;1
345;;"BROOKS INSTRUMENT";--;1;1
344;;"THERMO RAMSEY ITALIA SRL";--;3;1
343;;"SPECK POMPEN";--;2;1
342;;"Metrix Instrument Company";--;1;1
341;;REXROTH-AVENTICS;--;1;1
340;;WHEATON;--;1;1
339;;DAYTON;--;1;1
338;;"ITW SWITCHES";--;1;1
337;;"COOPER BUSSMANN";--;1;1
336;;RESTEK;--;6;1
335;;Connell;--;1;1
334;;Osram;--;1;1
333;;"GENERAL ELECTRIC(GE)";--;1;1
332;;"Niton Equipment Ltd.";--;1;1
331;;PRUFTECHNIK;--;2;1
330;;CIGLOW;--;2;1
329;;"SANYO DEKNI";--;2;1
328;;"Slaters Electricals UK";--;1;1
327;;"CI ANALYTICS";--;3;1
326;;SHELL;--;1;1
324;;"HBL NiCad Batteries (UK) Ltd";--;1;1
323;;PULSARLUBE;--;1;1
322;;"DEPA CRANE PROCESS FLOW TECHNOLOGIES GMBH";--;1;1
321;;"POMPE CUCCHI";--;1;1
320;;ELT;--;1;1
319;;WIKA;--;1;1
318;;MCDANIEL;--;1;1
317;;THERMON;--;1;1
316;;VORTEC;--;1;1
315;;"TRACO POWER";--;1;1
314;;WESTCAR;--;2;1
313;;"MILTON ROY EUROPE";--;1;1
312;;"American AVK";--;1;1
311;;"SIG Italy";--;1;1
310;;"WALTERS/Sioux Corporation";--;1;1
309;;HERZOG/PAC;--;1;1
308;;COPELAND;--;3;1
307;;BASLER;--;0;1
306;;"PHILIPS ADVANCE";--;1;1
305;;CAMOZZI;--;2;1
304;;LENZE;--;1;1
303;;SETA;--;1;1
302;;"Home saver";--;1;1
301;;DOGA;--;1;1
300;;"KIEPE ELEKTRIK";--;3;1
299;;"Eland Cables";--;1;1
298;;"DAUBERT CROMWELL";--;1;1
297;;"MOYNO INC";--;2;1
296;;Atlanta;--;4;1
295;;"Jonesco (Preston) Ltd";--;1;1
294;;LabTech;--;1;1
293;;NABERTHERM;--;1;1
292;;DESMI;--;1;1
291;;"Tyco Ansul, U.S.A.";--;6;1
290;;"VEGA Controls Limited";--;1;1
289;;Glamox.;--;0;1
288;;DETRONICS;--;8;1
287;;"Daniel Measurement and Control";--;1;1
286;;"Dawson Downie";--;2;1
285;;"DELTA CONTROL";--;1;1
284;;"DIGI INTERNATIONAL";--;1;1
283;;"DOSAPRO MILTON";--;4;1
282;;"DAMEN SHIP";--;5;1
281;;"GOUDA REFRACTORIES B.V.";--;1;1
280;;"BEACON EXTENDER INC";--;2;1
279;;"MAGNETIC SENSOR CORPORATION";--;1;1
278;;"ROYAL PURPLE";--;2;1
277;;"BARTEC BENKE GMBH";--;1;1
276;;"POWER SONIC";--;1;1
275;;"AEROMECCANICA STRANICH, ITALY";--;2;1
274;;"Ludwig Schneider";--;1;1
273;;MINCO;--;1;1
272;;"ATLAS COPCO";--;4;1
271;;WAUKESSHA;--;1;1
270;;"HEX BRASS COOPER AND ALLOY LTD";--;2;1
269;;"Bosta UK Ltd.";--;2;1
268;;"KOCHEK CO., INC";--;1;1
267;;Schiefer;--;1;1
266;;SIRACO;--;1;1
265;;"Jonesco Ltd.";--;1;1
264;;"FISHER CONTROLS INTERNATIONAL";--;9;1
263;;"CONACO SRL";--;20;1
262;;RUBYCON;--;1;1
261;;"VISHAY BC COMPONENTS";--;1;1
260;;Littelfuse;--;1;1
259;;3M;--;3;1
258;;DURAVAC;--;1;1
257;;"Alaris Antennas (Pty) Ltd";--;2;1
256;;"MTL SURGE TECHNOLOGIES";--;1;1
255;;MULTICOMP;--;2;1
254;;WELWYN;--;3;1
253;;KEYS;--;1;1
252;;Martindale;--;1;1
251;;Testmate;--;1;1
250;;POWERCOM;--;1;1
249;;Hakko;--;4;1
248;;PANASONIC;--;6;1
247;;Motorola;--;5;1
246;;FISNAR;--;1;1
245;;"ELITE ENGINEERING LTD";--;1;1
244;;SEIKA;--;1;1
243;;"PETER SWAN";--;1;1
242;;LEC;--;1;1
241;;ZHONGDI;--;1;1
240;;uxcell;--;5;1
239;;Stanley;--;1;1
238;;FACOM;--;18;1
237;;EKLIND;--;2;1
236;;"COOPER TOOLS APEX OPERATION";--;1;1
235;;"Sturtevant Richmont";--;2;1
234;;Craftsman;--;1;1
233;;"Klein Tools";--;5;1
232;;"Keysight Technologies";--;9;1
231;;Bahco;--;2;1
230;;"RS Pro";--;6;1
229;;Starrett;--;1;1
228;;Rhopoint;--;1;1
227;;"Nordson Asymtek";--;1;1
226;;"Jackson Professional Tools";--;1;1
225;;PROTO;--;4;1
224;;HARWIN;--;1;1
223;;Elpress;--;1;1
222;;Oakton;--;2;1
221;;"HIOS/Mountz, Inc";--;1;1
220;;"Solberg International";--;1;1
219;;GEDORE;--;14;1
218;;DATEL;--;1;1
217;;"Bega Special Tools";--;1;1
216;;"OHMART/VEGA CORP";--;1;1
215;;"Advanced Energy Industries GmbH";--;1;1
214;;"STL International Ltd";--;3;1
213;;"GATES CORPORATION";--;1;1
212;;"MARSH BELLOFRAM";--;1;1
211;;"BRAN LUEBBE GMBH";--;2;1
210;;COSEL;--;1;1
209;;"ELOBAU SENSOR TECHNOLOGY";--;1;1
208;;"OMC SRL ITALY";--;1;1
207;;"VIKING CORPORATION";--;2;1
206;;"Industronic GMBH";--;1;1
205;;"Protecno SRL";--;3;1
204;;GEWISS;--;1;1
203;;MEGGER;--;6;1
202;;"HOMAS RESEARCH PRODUCTS";--;1;1
201;;HIRSCHMANN;--;1;1
200;;NORTRONICS;--;1;1
199;;CAMERON;--;3;1
197;;"QUALITY HYDRAULIC POWER LTD";--;8;1
196;;BOLDROCCHI;--;1;1
195;;"PHD POWER";--;1;1
194;;"TALISMAN SECURITY PRODUCTS";--;1;1
193;;"INSTRUMENT TRANSFORMER INC";--;1;1
192;;MOLEX;--;2;1
191;;"PERKIN ELMER";--;3;1
190;;"ANTON PARR";--;1;1
189;;TESA;--;1;1
188;;"K-FACTOR SRL";--;1;1
187;;"HANNAY REELS";--;7;1
186;;RS;--;2;1
185;;"CORTEM SPA, ITALY";--;5;1
184;;"POULTEN SELFE & LEE";--;2;1
183;;AMELEC;--;2;1
182;;"JCT Analysentechnik GmbH";--;1;1
181;;AX-AIR-FANS;--;3;1
180;;EATON;--;3;1
179;;"Gali Compressors";--;1;1
178;;"METTLER TOLEDO";--;7;1
177;;VWR;--;1;1
176;;"Central Machinery";--;1;1
175;;Wilton;--;1;1
174;;ETS;--;1;1
173;;Cembre;--;1;1
172;;Husky;--;1;1
171;;Clarke;--;1;1
169;;"LUTZ GmbH & Co. KG.";--;1;1
168;;"SAINT-GOBAIN NORPRO";--;2;1
167;;Servomex;--;5;1
166;;"EXTECH INSTRUMENT";--;4;1
165;;"Netter Vibration";--;3;1
164;;DOPAK;--;1;1
163;;"HACH LANGE LTD";--;9;1
162;;"Acros Organics";--;5;1
161;;"Alvarado Mfg. Co., Inc.";--;2;1
160;;Dräger;--;1;1
159;;"PhyMetrix, Inc";--;1;1
158;;FLIR;--;4;1
157;;"SYSTECH INSTRUMENTS LIMITED";--;2;1
156;;Raesystems;--;2;1
155;;"BIS PROZESSTECHNIK GMBH";--;6;1
154;;"Litre Meter Ltd";--;1;1
153;;PLUS;--;1;1
152;;"Dry tech, Inc";--;1;1
151;;"CRANE PUMP INC";--;2;1
150;;"Ametek Process Instruments";--;2;1
149;;"SAAB ROSEMOUNT";--;1;1
148;;"North Sea Ventilation Co. UK";--;2;1
147;;"BOPP & REUTHER MESSTECHNIK GMBH";--;3;1
146;;"BOPP & REUTHER MESSTECHNIK GMBH";--;0;1
145;;"Shaw Moisture Meters (UK) Ltd";--;2;1
144;;"Magnetrol International UK";--;2;1
143;;PMV;--;1;1
142;;"IME SPA IT";--;1;1
141;;"PENN Johnson Controls";--;1;1
140;;"JANSENS & DIEPERINK B.V.";--;1;1
139;;"ALRE, LT REGELTECHNIK GMBH";--;1;1
138;;SAPAG;--;1;1
137;;Arco;--;2;1
136;;FAIRCHILD;--;2;1
135;;"Texas Instruments";--;4;1
134;;"TECNO VIBRAZIONI VENANZETTI/ ROSTA AB";--;1;1
133;;NORGREN;--;0;1
132;;"WEST CONTROL SOLUTIONS";--;1;1
131;;"HW Group, S.R.O";--;1;1
130;;"ZUCCHETTI SRL";--;1;1
129;;"ASCO POMPE / FYBROC";--;3;1
128;;"MAMPAEY OFFSHORE INDUSTRIES BV";--;1;1
127;;"R Stahl";--;1;1
126;;"Scott Safety (A Tyco international Company).";--;2;1
125;;"THERMO ELECTRIC";--;3;1
124;;Mag-Lite;--;1;1
123;;"Cl Analytics";--;1;1
122;;MHT;--;1;1
121;;"ALSTON SYSTEMS";--;2;1
120;;"SAMSON CONTROLS LTD";--;8;1
119;;"IME ISTRUM";--;1;1
118;;ALLEN-BRADLEY;--;1;1
117;;"cole parmer";--;2;1
116;;"TYCO THERMAL CONTROLS";--;1;1
115;;"SPX PROCESS EQUIPMENT GB";--;5;1
114;;"APT Controls Ltd";--;39;1
113;;"Jacoby-Tar box";--;1;1
112;;"FERRAZ SHAWMUT US";--;1;1
111;;"OMRON CORP";--;2;1
110;;"PGI INTERNATIONAL";--;1;1
109;;"Hatlapa GmbH & Co. KG";--;1;1
108;;"GENERAL MONITORS SYSTEMS";--;2;1
107;;"MONO PUMPS LTD GB";--;2;1
105;;MEDC;--;3;1
104;;FLOWSERVE;--;2;1
103;;FARRIS;--;3;1
102;;"Cla-Val UK Ltd";--;1;1
101;;DANFOSS;--;5;1
100;;ROUSEMOUNT;--;1;1
99;;SIGMA-ALDRICH;--;26;1
98;;"SYSTECH INSTRUMENTS LIMITED";--;0;1
97;;PELCO;--;4;1
96;;"SMC CORPORATION";--;1;1
95;;Leser;--;2;1
94;;ABB;--;7;1
93;;"PHILIPS OR EQUIVALENT";--;1;1
92;;"DELTA SCIENTIFIC CORPORATION";--;6;1
91;;"Wärtsilä Water Systems Ltd";--;1;1
90;;"ENSPEC POWER LTD";--;1;1
89;;"MUNTERS CORPORATION";--;1;1
88;;FESTO;--;1;1
87;;"SAFT POWER SYSTEMS";--;3;1
86;;ALLESSACHEMIE;--;1;1
85;;"WOUTER WITZEL EUROVALVE";--;1;1
84;;ORBITEC;--;2;1
83;;PHOENIX;--;10;1
82;;"PHOENIX CONTACT";--;1;1
81;;"ANSALDO SISTEMI INDUSTRIALI,SPA";--;3;1
80;;"TAPCOENPRO INTERNATIONAL";--;1;1
79;;"ALFA VALVOLE";--;7;1
78;;"CONDOR TECHNOLOGY LTD.";--;2;1
77;;AUTOFLOW;--;1;1
76;;"EMTROL LLC, USA";--;2;1
75;;"Honeywell / BW Technologies";--;1;1
74;;"DOUGLAS CHERO";--;2;1
73;;RITTAL;--;2;1
72;;"GEA BATIGNOLLES TECH THERMIQUES";--;1;1
71;;"EMERSON PROCESS MANAGEMENT LTD";--;9;1
70;;"Kriwan Industrie Elektronik Gmbh";--;1;1
69;;"Viconics Electronics Inc.";--;2;1
68;;"PEPPERL + FUCHS";--;1;1
67;;"NASATKA BARRIER. INC (U.S.A)";--;1;1
66;;"INDUSTRIAL SCIENTIFIC CORPORATION";--;1;1
65;;POLYCO,MODEL-BUTOCHEM;--;1;1
64;;"TOTAL FIRE GROUP US/ MORNING PRIDE";--;1;1
63;;HYDRAFIL;--;2;1
62;;"WALTER HERZOG GMBH";--;1;1
61;;GRAINGER;--;6;1
60;;"CHERO PIPING";--;2;1
59;;VARTA;--;1;1
58;;"SAMEC SPA";--;2;1
57;;"IFE SRL";--;3;1
56;;"ANGELANTONI INDUSTRIES";--;1;1
55;;"MILLIPORE CORPORATION US.";--;1;1
54;;"GEABATIGNOLLES TECH THERMIQUES";--;0;1
53;;"PERRIN GMBH";--;5;1
52;;"IDEC CORP";--;5;1
51;;"MARTIN MERKEL GMBH AND CO. KG DE";--;1;1
50;;"TE Connectivity / Axicom";--;1;1
49;;Slovakia;--;1;1
48;;"SIEMENS BUILDING TECHNOLOGIES";--;2;1
47;;ELECTROMACH;--;1;1
46;;"BRUSH ELECTRICAL MACHINES LTD";--;1;1
45;;"ATEC SRL";--;10;1
44;;ZIBAGA;--;2;1
43;;MANEUROP;--;1;1
42;;"NUOVA FIMA SPA";--;4;1
41;;"GTC ITALIA SRL/ KTM VALVES";--;0;1
40;;"DEEP SEA ELECTRONICS";--;1;1
39;;"FIAMM SPA";--;6;1
38;;"PISTER KUGELHAHNE";--;2;1
37;;EUROPEX;--;2;1
36;;"BONNEY FORGE SPA, ITALY";--;1;1
35;;"MICHELL INSTRUMENTS";--;1;1
34;;"TYCO VALVES AND CONTROLS AB DISTRIBUTION";--;0;1
33;;"KABA Ltd";--;9;1
30;/img/tmp/manufacturer_mini_30.jpg?time=1776175816;"SCHENCK PROCESS GMBH";--;15;1
28;/img/tmp/manufacturer_mini_28.jpg?time=1776175816;"PRODUCTOS PLASTICOS ANTICORROS";--;21;1
27;/img/tmp/manufacturer_mini_27.jpg?time=1776175816;"GEORG FISCHER CENTRAL PLASTICS LLC";--;2;1
26;/img/tmp/manufacturer_mini_26.jpg?time=1776175816;HERMETIC;--;0;1
25;/img/tmp/manufacturer_mini_25.jpg?time=1776175816;"SBS STEEL BELT SYSTEMS SRL";--;1;1
23;/img/tmp/manufacturer_mini_23.jpg?time=1776175816;"ATB RIVACALZONI SPA";--;1;1
22;/img/tmp/manufacturer_mini_22.jpg?time=1776175816;SKF;--;9;1
21;/img/tmp/manufacturer_mini_21.jpg?time=1776175816;TMEIC;--;1;1
20;/img/tmp/manufacturer_mini_20.jpg?time=1776175816;"IGUS GMBH";--;3;1
19;/img/tmp/manufacturer_mini_19.jpg?time=1776175816;"GBM SRL";--;1;1
18;/img/tmp/manufacturer_mini_18.jpg?time=1776175816;"AJ KOELLEMANN GMBH";--;10;1
16;/img/tmp/manufacturer_mini_16.jpg?time=1776175816;"CROUSE HINDS ECM US COOPER INDUSTRIES INCORPORATED";--;0;1
15;/img/tmp/manufacturer_mini_15.jpg?time=1776175816;PANDUIT;--;1;1
12;/img/tmp/manufacturer_mini_12.jpg?time=1776175816;PARKER;--;11;1
11;/img/tmp/manufacturer_mini_11.jpg?time=1776175816;FOXBORO;--;1;1
10;/img/tmp/manufacturer_mini_10.jpg?time=1776175816;KROHNE;--;0;1
9;/img/tmp/manufacturer_mini_9.jpg?time=1776175816;"JOHN CRANE";--;3;1
8;/img/tmp/manufacturer_mini_8.jpg?time=1776175816;FLUKE;--;6;1
7;/img/tmp/manufacturer_mini_7.jpg?time=1776175816;"INGERSOLL RAND";--;1;1
6;/img/tmp/manufacturer_mini_6.jpg?time=1776175816;SIEMENS;--;30;1
5;/img/tmp/manufacturer_mini_5.jpg?time=1776175816;SCHNEIDER;--;29;1
4;/img/tmp/manufacturer_mini_4.jpg?time=1776175816;"AIR TORQUE";1;0;1
3;/img/tmp/manufacturer_mini_3.jpg?time=1776175816;ZUCCHETTI;--;0;1
2;/img/tmp/manufacturer_mini_2.jpg?time=1776175816;CURTISS-WRIGHT;--;0;1
